ClientIP,ClientRequestHost,ClientRequestMethod,ClientRequestURI,EdgeStartTimestamp,ZoneName,ClientASN,ClientCountry,ClientDeviceType,ClientSrcPort,ClientRequestBytes,ClientRequestPath,ClientRequestReferer,ClientRequestScheme,ClientRequestUserAgent,IsSizeSuspicious
118.20.187.50,pearson.com,POST,/read/change/animal/war,2024-11-06 22:02:54+00:00,infinitepay.io,396982,us,desktop,39024,617288,/read/change/animal/war,http://www.hernandez.com/,https,"Mozilla/5.0 (Windows; U; Windows 98; Win 9x 4.90) AppleWebKit/532.50.2 (KHTML, like Gecko) Version/4.0.3 Safari/532.50.2",True
128.40.28.16,guerrero.biz,POST,/teach/new,2024-11-06 16:42:35+00:00,infinitepay.io,16509,in,desktop,45431,25181,/teach/new,http://www.hernandez.com/,https,"Mozilla/5.0 (Macintosh; U; PPC Mac OS X 10_7_1) AppleWebKit/536.2 (KHTML, like Gecko) Chrome/36.0.829.0 Safari/536.2",True
14.223.170.36,marshall-odonnell.net,POST,/base/professional,2024-11-06 18:02:03+00:00,infinitepay.io,8167,in,desktop,54844,16013,/base/professional,http://johnson.org/,https,"Mozilla/5.0 (iPhone; CPU iPhone OS 6_1_6 like Mac OS X) AppleWebKit/536.1 (KHTML, like Gecko) FxiOS/11.6d8322.0 Mobile/11C387 Safari/536.1",True
154.194.118.163,guerrero.biz,POST,/teach/new,2024-11-06 19:12:39+00:00,infinitepay.io,16509,in,desktop,33541,25708,/teach/new,http://www.hernandez.com/,https,"Mozilla/5.0 (iPod; U; CPU iPhone OS 4_1 like Mac OS X; hr-HR) AppleWebKit/534.2.6 (KHTML, like Gecko) Version/3.0.5 Mobile/8B111 Safari/6534.2.6",True
154.194.118.163,guerrero.biz,POST,/teach/new,2024-11-06 12:44:34+00:00,infinitepay.io,16509,in,desktop,15992,25154,/teach/new,http://www.hernandez.com/,https,"Mozilla/5.0 (Macintosh; U; PPC Mac OS X 10_7_1) AppleWebKit/536.2 (KHTML, like Gecko) Chrome/36.0.829.0 Safari/536.2",True
165.107.232.96,porter.biz,POST,/ball,2024-11-06 13:52:40+00:00,infinitepay.io,14618,us,desktop,55398,70093,/ball,http://www.hernandez.com/,https,"Mozilla/5.0 (X11; Linux i686) AppleWebKit/536.0 (KHTML, like Gecko) Chrome/48.0.840.0 Safari/536.0",True
128.40.28.16,guerrero.biz,POST,/teach/new,2024-11-06 05:49:43+00:00,infinitepay.io,16509,in,desktop,55278,24129,/teach/new,http://www.hernandez.com/,https,"Mozilla/5.0 (Macintosh; U; PPC Mac OS X 10_7_1) AppleWebKit/536.2 (KHTML, like Gecko) Chrome/36.0.829.0 Safari/536.2",True
114.62.68.13,lewis-roberts.biz,POST,/inside/life,2024-11-06 12:01:39+00:00,infinitepay.io,396982,us,desktop,45396,86757,/inside/life,http://www.hernandez.com/,https,"Mozilla/5.0 (X11; Linux i686) AppleWebKit/536.0 (KHTML, like Gecko) Chrome/48.0.840.0 Safari/536.0",True
164.96.142.64,carroll-torres.com,POST,/since,2024-11-11 21:52:11+00:00,infinitepay.io,396982,in,desktop,52227,159820,/since,http://www.hernandez.com/,https,Mozilla/5.0 (compatible; MSIE 5.0; Windows NT 5.2; Trident/5.0),True
117.197.1.242,guerrero.biz,POST,/teach/new,2024-11-11 06:34:22+00:00,infinitepay.io,16509,in,desktop,37697,24895,/../../../../windows/system32/cmd.exe,http://www.hernandez.com/,https,"Mozilla/5.0 (Macintosh; U; PPC Mac OS X 10_7_1) AppleWebKit/536.2 (KHTML, like Gecko) Chrome/36.0.829.0 Safari/536.2",True
165.107.232.96,porter.biz,POST,/ball,2024-11-11 17:59:39+00:00,infinitepay.io,14618,us,desktop,58507,144480,/ball,http://www.hernandez.com/,https,"Mozilla/5.0 (X11; Linux i686) AppleWebKit/536.0 (KHTML, like Gecko) Chrome/48.0.840.0 Safari/536.0",True
165.107.232.96,porter.biz,POST,/inside/life,2024-11-11 16:51:08+00:00,infinitepay.io,14618,us,desktop,34845,55103,/inside/life,http://www.hernandez.com/,https,"Mozilla/5.0 (X11; Linux i686) AppleWebKit/536.0 (KHTML, like Gecko) Chrome/48.0.840.0 Safari/536.0",True
154.194.118.163,guerrero.biz,POST,/teach/new,2024-11-11 21:42:11+00:00,infinitepay.io,16509,in,desktop,51114,25125,/teach/new,http://www.hernandez.com/,https,"Mozilla/5.0 (iPad; CPU iPad OS 15_8_2 like Mac OS X) AppleWebKit/531.2 (KHTML, like Gecko) CriOS/26.0.864.0 Mobile/26Y778 Safari/531.2",True
121.150.57.141,lewis-roberts.biz,POST,/however/question/land/man,2024-11-11 07:02:16+00:00,infinitepay.io,396982,us,desktop,52534,22089,/however/question/land/man,http://www.hernandez.com/,https,Opera/9.42.(Windows NT 4.0; am-ET) Presto/2.9.173 Version/12.00,True
164.96.142.64,carroll-torres.com,POST,/since,2024-11-11 14:09:50+00:00,infinitepay.io,396982,in,desktop,49154,238222,/since,http://www.hernandez.com/,https,Mozilla/5.0 (compatible; MSIE 5.0; Windows NT 5.2; Trident/5.0),True
40.21.63.83,lewis-roberts.biz,POST,/however/question/land/man,2024-11-11 01:27:43+00:00,infinitepay.io,396982,us,desktop,56150,22816,/however/question/land/man,http://www.hernandez.com/,https,Opera/9.42.(Windows NT 4.0; am-ET) Presto/2.9.173 Version/12.00,True
158.240.206.108,lewis-roberts.biz,POST,/professor/between/remember,2024-11-11 17:24:19+00:00,infinitepay.io,396982,us,mobile,47598,18041,/register,http://www.hernandez.com/,https,Mozilla/5.0 (compatible; MSIE 8.0; Windows NT 5.0; Trident/4.1),True
121.150.57.141,lewis-roberts.biz,POST,/however/question/land/man,2024-11-11 11:35:30+00:00,infinitepay.io,396982,us,desktop,42962,22536,/config.php.bak,http://www.hernandez.com/,https,Opera/9.42.(Windows NT 4.0; am-ET) Presto/2.9.173 Version/12.00,True
159.197.110.50,pearson.com,POST,/read/change/animal/war,2024-11-11 08:36:49+00:00,infinitepay.io,396982,us,tablet,33548,462997,/read/change/animal/war,http://www.hernandez.com/,https,Mozilla/5.0 (Windows 98; mni-IN; rv:1.9.2.20) Gecko/7235-07-04 22:11:05.287994 Firefox/3.6.16,True
41.248.255.237,pearson.com,POST,/read/change/animal/war,2024-11-11 17:22:14+00:00,infinitepay.io,396982,us,tablet,51404,776644,/read/change/animal/war,http://www.hernandez.com/,https,"Mozilla/5.0 (iPhone; CPU iPhone OS 12_5_7 like Mac OS X) AppleWebKit/535.2 (KHTML, like Gecko) FxiOS/9.3p8500.0 Mobile/34U137 Safari/535.2",True
207.250.194.83,porter.biz,POST,/however/question/land/man,2024-11-11 06:13:45+00:00,infinitepay.io,14618,us,desktop,14872,21666,/however/question/land/man,http://www.hernandez.com/,https,Opera/9.42.(Windows NT 4.0; am-ET) Presto/2.9.173 Version/12.00,True
89.4.78.220,lewis-roberts.biz,POST,/however/question/land/man,2024-11-11 04:06:02+00:00,infinitepay.io,396982,us,desktop,51618,22183,/however/question/land/man,http://www.hernandez.com/,https,Opera/9.42.(Windows NT 4.0; am-ET) Presto/2.9.173 Version/12.00,True
117.197.1.242,guerrero.biz,POST,/teach/new,2024-11-05 06:47:54+00:00,infinitepay.io,16509,in,desktop,39373,20823,/config.php.bak,http://www.hernandez.com/,https,"Mozilla/5.0 (Macintosh; U; PPC Mac OS X 10_7_1) AppleWebKit/536.2 (KHTML, like Gecko) Chrome/36.0.829.0 Safari/536.2",True
189.111.236.123,lewis-roberts.biz,POST,/against/discuss/back/and,2024-11-05 18:10:56+00:00,infinitepay.io,396982,us,mobile,41778,22710,/against/discuss/back/and,http://www.hernandez.com/,https,Opera/8.56.(X11; Linux x86_64; ak-GH) Presto/2.9.160 Version/12.00,True
64.234.253.67,lewis-roberts.biz,POST,/inside/life,2024-11-05 19:51:20+00:00,infinitepay.io,396982,us,desktop,43260,30115,/../../../windows/win.ini,http://www.hernandez.com/,https,"Mozilla/5.0 (X11; Linux i686) AppleWebKit/536.0 (KHTML, like Gecko) Chrome/48.0.840.0 Safari/536.0",True
96.32.245.12,lewis-roberts.biz,POST,/however/question/land/man,2024-11-05 19:42:12+00:00,infinitepay.io,396982,us,desktop,38454,22169,/however/question/land/man,http://www.hernandez.com/,https,Opera/9.42.(Windows NT 4.0; am-ET) Presto/2.9.173 Version/12.00,True
35.220.236.173,lewis-roberts.biz,POST,/ball,2024-11-05 14:34:05+00:00,infinitepay.io,396982,us,desktop,33256,64850,/ball,http://www.hernandez.com/,https,"Mozilla/5.0 (X11; Linux i686) AppleWebKit/536.0 (KHTML, like Gecko) Chrome/48.0.840.0 Safari/536.0",True
209.165.152.20,porter.biz,POST,/read/change/animal/war,2024-11-05 12:22:30+00:00,infinitepay.io,273342,in,desktop,62617,538024,/read/change/animal/war,http://www.armstrong.biz/,https,Mozilla/5.0 (Android 5.0.2; Mobile; rv:57.0) Gecko/57.0 Firefox/57.0,True
117.197.1.242,guerrero.biz,POST,/teach/new,2024-11-05 03:13:40+00:00,infinitepay.io,16509,in,desktop,32757,25038,/teach/new,http://www.hernandez.com/,https,"Mozilla/5.0 (Macintosh; U; PPC Mac OS X 10_7_1) AppleWebKit/536.2 (KHTML, like Gecko) Chrome/36.0.829.0 Safari/536.2",True
28.239.195.50,porter.biz,POST,/yeah/inside/window/exactly,2024-11-05 20:31:08+00:00,infinitepay.io,267022,in,desktop,19616,31319,/yeah/inside/window/exactly,http://www.hernandez.com/,https,Opera/9.21.(X11; Linux i686; gd-GB) Presto/2.9.186 Version/10.00,True
185.0.128.177,lewis-roberts.biz,POST,/man/take/next/perform,2024-11-05 03:14:54+00:00,infinitepay.io,396982,us,desktop,51872,22045,/man/take/next/perform,http://www.hernandez.com/,https,Opera/9.42.(Windows NT 4.0; am-ET) Presto/2.9.173 Version/12.00,True
154.194.118.163,guerrero.biz,POST,/teach/new,2024-11-05 16:49:06+00:00,infinitepay.io,16509,in,desktop,49207,24889,/teach/new,http://www.hernandez.com/,https,"Mozilla/5.0 (Macintosh; U; PPC Mac OS X 10_7_1) AppleWebKit/536.2 (KHTML, like Gecko) Chrome/36.0.829.0 Safari/536.2",True
222.30.33.183,lewis-roberts.biz,POST,/dog,2024-11-07 19:55:33+00:00,infinitepay.io,396982,us,mobile,39198,16524,/dog,http://www.hernandez.com/,https,Mozilla/5.0 (compatible; MSIE 8.0; Windows NT 5.0; Trident/4.1),True
193.206.235.29,porter.biz,POST,/inside/life,2024-11-07 16:42:18+00:00,infinitepay.io,14618,us,desktop,5291,56392,/inside/life,http://www.hernandez.com/,https,"Mozilla/5.0 (X11; Linux i686) AppleWebKit/536.0 (KHTML, like Gecko) Chrome/48.0.840.0 Safari/536.0",True
212.96.94.50,lewis-roberts.biz,POST,/however/question/land/man,2024-11-07 12:53:50+00:00,infinitepay.io,396982,us,desktop,46552,29660,/settings,http://www.hernandez.com/,https,Opera/9.42.(Windows NT 4.0; am-ET) Presto/2.9.173 Version/12.00,True
165.107.232.96,porter.biz,POST,/ball,2024-11-07 14:00:56+00:00,infinitepay.io,14618,us,desktop,27176,55081,/ball,http://www.hernandez.com/,https,"Mozilla/5.0 (X11; Linux i686) AppleWebKit/536.0 (KHTML, like Gecko) Chrome/48.0.840.0 Safari/536.0",True
179.91.216.203,park.com,POST,/language/than/century/news,2024-11-07 13:32:49+00:00,infinitepay.io,264204,in,desktop,3723,1545540,/settings,http://www.hernandez.com/,https,"Mozilla/5.0 (Windows 98) AppleWebKit/533.0 (KHTML, like Gecko) Chrome/34.0.803.0 Safari/533.0",True
117.197.1.242,guerrero.biz,POST,/teach/new,2024-11-10 17:57:36+00:00,infinitepay.io,16509,in,desktop,1043,23646,/teach/new,http://www.hernandez.com/,https,"Mozilla/5.0 (Macintosh; U; PPC Mac OS X 10_7_1) AppleWebKit/536.2 (KHTML, like Gecko) Chrome/36.0.829.0 Safari/536.2",True
207.250.194.83,porter.biz,POST,/data/toward/man/free,2024-11-10 19:32:19+00:00,infinitepay.io,14618,us,desktop,7734,29251,/data/toward/man/free,http://www.hernandez.com/,https,Opera/9.42.(Windows NT 4.0; am-ET) Presto/2.9.173 Version/12.00,True
185.60.226.17,lewis-roberts.biz,POST,/painting/everyone/tonight/training,2024-11-10 02:10:10+00:00,infinitepay.io,396982,us,desktop,57322,16368,/painting/everyone/tonight/training,http://www.hernandez.com/,https,"Mozilla/5.0 (iPhone; CPU iPhone OS 6_1_6 like Mac OS X) AppleWebKit/536.1 (KHTML, like Gecko) FxiOS/11.6d8322.0 Mobile/11C387 Safari/536.1",True
87.205.246.237,lewis-roberts.biz,POST,/inside/life,2024-11-10 13:14:03+00:00,infinitepay.io,396982,us,desktop,38078,64310,/inside/life,http://www.hernandez.com/,https,"Mozilla/5.0 (X11; Linux i686) AppleWebKit/536.0 (KHTML, like Gecko) Chrome/48.0.840.0 Safari/536.0",True
131.157.141.74,lewis-roberts.biz,POST,/throughout/water,2024-11-10 02:14:07+00:00,infinitepay.io,396982,us,mobile,49806,27344,/throughout/water,http://www.hernandez.com/,https,Opera/8.80.(X11; Linux i686; os-RU) Presto/2.9.179 Version/10.00,True
35.96.80.127,lewis-roberts.biz,POST,/politics/course,2024-11-10 12:15:27+00:00,infinitepay.io,396982,us,mobile,36214,15542,/politics/course,http://www.hernandez.com/,https,Mozilla/5.0 (Android 2.3.5; Mobile; rv:61.0) Gecko/61.0 Firefox/61.0,True
78.239.133.192,lewis-roberts.biz,POST,/data/toward/man/free,2024-11-10 02:17:22+00:00,infinitepay.io,396982,us,desktop,36934,19279,/data/toward/man/free,http://www.hernandez.com/,https,Opera/9.42.(Windows NT 4.0; am-ET) Presto/2.9.173 Version/12.00,True
128.40.28.16,guerrero.biz,POST,/teach/new,2024-11-08 00:16:30+00:00,infinitepay.io,16509,in,desktop,32365,24667,/teach/new,http://www.hernandez.com/,https,"Mozilla/5.0 (Macintosh; U; PPC Mac OS X 10_7_1) AppleWebKit/536.2 (KHTML, like Gecko) Chrome/36.0.829.0 Safari/536.2",True
62.162.224.138,lewis-roberts.biz,POST,/however/question/land/man,2024-11-08 10:20:52+00:00,infinitepay.io,396982,us,desktop,40090,22161,/however/question/land/man,http://www.hernandez.com/,https,Opera/9.42.(Windows NT 4.0; am-ET) Presto/2.9.173 Version/12.00,True
154.194.118.163,guerrero.biz,POST,/teach/new,2024-11-08 20:59:56+00:00,infinitepay.io,16509,in,desktop,12558,24940,/teach/new,http://www.hernandez.com/,https,"Mozilla/5.0 (Macintosh; U; PPC Mac OS X 10_7_1) AppleWebKit/536.2 (KHTML, like Gecko) Chrome/36.0.829.0 Safari/536.2",True
154.194.118.163,guerrero.biz,POST,/teach/new,2024-11-08 11:12:51+00:00,infinitepay.io,16509,in,desktop,63213,24969,/../../../etc/passwd,http://www.hernandez.com/,https,"Mozilla/5.0 (Macintosh; U; PPC Mac OS X 10_7_1) AppleWebKit/536.2 (KHTML, like Gecko) Chrome/36.0.829.0 Safari/536.2",True
117.197.1.242,guerrero.biz,POST,/teach/new,2024-11-08 19:22:27+00:00,infinitepay.io,16509,in,desktop,17389,24699,/teach/new,http://www.hernandez.com/,https,"Mozilla/5.0 (Macintosh; U; PPC Mac OS X 10_7_1) AppleWebKit/536.2 (KHTML, like Gecko) Chrome/36.0.829.0 Safari/536.2",True
dbc4:2d33:2acb:8932:5067:1f01:5b20:e887,marshall-odonnell.net,POST,/base/professional,2024-11-08 10:14:59+00:00,infinitepay.io,28126,in,desktop,50379,16160,/base/professional,http://johnson.org/,https,"Mozilla/5.0 (iPhone; CPU iPhone OS 6_1_6 like Mac OS X) AppleWebKit/536.1 (KHTML, like Gecko) FxiOS/11.6d8322.0 Mobile/11C387 Safari/536.1",True
117.197.1.242,guerrero.biz,POST,/teach/new,2024-11-08 21:28:04+00:00,infinitepay.io,16509,in,desktop,35162,25137,/teach/new,https://www.villa.com/,https,"Mozilla/5.0 (Macintosh; U; PPC Mac OS X 10_7_1) AppleWebKit/536.2 (KHTML, like Gecko) Chrome/36.0.829.0 Safari/536.2",True
93f0:d16b:184c:808d:fb0f:92b4:4bd4:a63b,marshall-odonnell.net,POST,/base/professional,2024-11-08 16:24:12+00:00,infinitepay.io,28573,in,desktop,36345,15626,/base/professional,http://johnson.org/,https,"Mozilla/5.0 (iPhone; CPU iPhone OS 6_1_6 like Mac OS X) AppleWebKit/536.1 (KHTML, like Gecko) FxiOS/11.6d8322.0 Mobile/11C387 Safari/536.1",True
14.240.3.123,acosta.com,POST,/important,2024-11-08 14:00:35+00:00,infinitepay.io,396982,us,desktop,47252,27863,/important,http://www.hernandez.com/,https,Mozilla/5.0 (X11; Linux i686; rv:1.9.6.20) Gecko/4422-09-12 19:24:15.470367 Firefox/3.8,True
193.206.235.29,porter.biz,POST,/however/question/land/man,2024-11-08 05:03:17+00:00,infinitepay.io,14618,us,desktop,49108,21665,/login,http://www.hernandez.com/,https,Opera/9.42.(Windows NT 4.0; am-ET) Presto/2.9.173 Version/12.00,True
133.157.216.48,lewis-roberts.biz,POST,/project/cost/ready,2024-11-08 21:10:42+00:00,infinitepay.io,396982,us,mobile,59690,18888,/project/cost/ready,http://www.hernandez.com/,https,Mozilla/5.0 (compatible; MSIE 8.0; Windows NT 5.0; Trident/4.1),True
165.107.232.96,porter.biz,POST,/inside/life,2024-11-14 20:05:41+00:00,infinitepay.io,14618,us,desktop,40897,48386,/inside/life,http://www.hernandez.com/,https,"Mozilla/5.0 (X11; Linux i686) AppleWebKit/536.0 (KHTML, like Gecko) Chrome/48.0.840.0 Safari/536.0",True
207.250.194.83,porter.biz,POST,/man/take/next/perform,2024-11-14 14:08:27+00:00,infinitepay.io,14618,us,desktop,30367,21313,/man/take/next/perform,http://clark-hayes.info/,https,Opera/9.42.(Windows NT 4.0; am-ET) Presto/2.9.173 Version/12.00,True
26.158.117.152,pearson.com,POST,/read/change/animal/war,2024-11-14 21:23:29+00:00,infinitepay.io,396982,us,tablet,42514,490756,/read/change/animal/war,http://www.hernandez.com/,https,Mozilla/5.0 (compatible; MSIE 7.0; Windows NT 6.0; Trident/5.0),True
2.182.7.204,lewis-roberts.biz,POST,/man/take/next/perform,2024-11-14 18:24:01+00:00,infinitepay.io,396982,us,desktop,41932,22173,/search?q=<script>alert(0)</script>,http://www.hernandez.com/,https,Mozilla/5.0 (Windows 98; Win 9x 4.90; pa-IN; rv:1.9.1.20) Gecko/9888-11-25 13:07:32.102448 Firefox/15.0,True
128.40.28.16,guerrero.biz,POST,/teach/new,2024-11-14 10:21:41+00:00,infinitepay.io,16509,in,desktop,8180,24924,/teach/new,http://www.hernandez.com/,https,"Mozilla/5.0 (Macintosh; U; PPC Mac OS X 10_7_1) AppleWebKit/536.2 (KHTML, like Gecko) Chrome/36.0.829.0 Safari/536.2",True
55.118.20.119,pearson.com,POST,/tend/popular/ahead/would,2024-11-14 16:13:02+00:00,infinitepay.io,396982,us,tablet,34566,607560,/tend/popular/ahead/would,http://www.hernandez.com/,https,"Mozilla/5.0 (Macintosh; Intel Mac OS X 10_12_5 rv:4.0; fy-DE) AppleWebKit/531.15.5 (KHTML, like Gecko) Version/4.0 Safari/531.15.5",True
154.194.118.163,guerrero.biz,POST,/teach/new,2024-11-14 22:21:36+00:00,infinitepay.io,16509,in,desktop,59455,24765,/teach/new,http://www.hernandez.com/,https,"Mozilla/5.0 (Macintosh; U; PPC Mac OS X 10_7_1) AppleWebKit/536.2 (KHTML, like Gecko) Chrome/36.0.829.0 Safari/536.2",True
117.197.1.242,guerrero.biz,POST,/teach/new,2024-11-14 00:02:26+00:00,infinitepay.io,16509,in,desktop,57097,24933,/teach/new,http://www.hernandez.com/,https,"Mozilla/5.0 (Macintosh; U; PPC Mac OS X 10_7_1) AppleWebKit/536.2 (KHTML, like Gecko) Chrome/36.0.829.0 Safari/536.2",True
134.164.244.165,lewis-roberts.biz,POST,/however/question/land/man,2024-11-14 18:33:32+00:00,infinitepay.io,396982,us,desktop,51600,22013,/however/question/land/man,http://www.hernandez.com/,https,Opera/9.42.(Windows NT 4.0; am-ET) Presto/2.9.173 Version/12.00,True
165.107.232.96,porter.biz,POST,/however/question/land/man,2024-11-14 18:30:54+00:00,infinitepay.io,14618,us,desktop,8655,20175,/however/question/land/man,http://www.hernandez.com/,https,Opera/9.42.(Windows NT 4.0; am-ET) Presto/2.9.173 Version/12.00,True
98.93.18.87,lewis-roberts.biz,POST,/inside/life,2024-11-14 20:54:36+00:00,infinitepay.io,396982,us,desktop,55992,73902,/inside/life,http://www.hernandez.com/,https,"Mozilla/5.0 (X11; Linux i686) AppleWebKit/536.0 (KHTML, like Gecko) Chrome/48.0.840.0 Safari/536.0",True
126.50.152.53,lewis-roberts.biz,POST,/man/take/next/perform,2024-11-14 10:54:28+00:00,infinitepay.io,396982,us,desktop,59326,17932,/man/take/next/perform,http://www.hernandez.com/,https,Opera/9.42.(Windows NT 4.0; am-ET) Presto/2.9.173 Version/12.00,True
86.142.253.199,lewis-roberts.biz,POST,/data/toward/man/free,2024-11-12 05:21:48+00:00,infinitepay.io,396982,us,desktop,54378,20932,/data/toward/man/free,http://www.hernandez.com/,https,Opera/9.42.(Windows NT 4.0; am-ET) Presto/2.9.173 Version/12.00,True
154.194.118.163,guerrero.biz,POST,/teach/new,2024-11-12 19:23:57+00:00,infinitepay.io,16509,in,desktop,4840,25497,/teach/new,http://www.hernandez.com/,https,"Mozilla/5.0 (Macintosh; U; PPC Mac OS X 10_7_1) AppleWebKit/536.2 (KHTML, like Gecko) Chrome/36.0.829.0 Safari/536.2",True
154.194.118.163,guerrero.biz,POST,/teach/new,2024-11-12 14:47:14+00:00,infinitepay.io,16509,in,desktop,18854,23801,/robots.txt,http://www.hernandez.com/,https,"Mozilla/5.0 (Macintosh; U; PPC Mac OS X 10_7_1) AppleWebKit/536.2 (KHTML, like Gecko) Chrome/36.0.829.0 Safari/536.2",True
193.206.235.29,porter.biz,POST,/however/question/land/man,2024-11-12 12:22:20+00:00,infinitepay.io,14618,us,desktop,11085,22054,/however/question/land/man,http://www.hernandez.com/,https,Opera/9.42.(Windows NT 4.0; am-ET) Presto/2.9.173 Version/12.00,True
128.40.28.16,guerrero.biz,POST,/teach/new,2024-11-12 21:53:19+00:00,infinitepay.io,16509,in,desktop,55980,24002,/teach/new,http://www.hernandez.com/,https,"Mozilla/5.0 (Macintosh; U; PPC Mac OS X 10_7_1) AppleWebKit/536.2 (KHTML, like Gecko) Chrome/36.0.829.0 Safari/536.2",True
164.96.142.64,carroll-torres.com,POST,/since,2024-11-12 20:22:53+00:00,infinitepay.io,396982,in,desktop,55296,146984,/since,http://www.hernandez.com/,https,Mozilla/5.0 (compatible; MSIE 5.0; Windows NT 5.2; Trident/5.0),True
36.195.165.17,porter.biz,POST,/imagine/threat/life,2024-11-09 15:13:44+00:00,infinitepay.io,53118,in,mobile,57050,16161,/imagine/threat/life,http://www.hernandez.com/,https,Mozilla/5.0 (X11; Linux i686; rv:1.9.7.20) Gecko/2136-02-17 23:34:53.983791 Firefox/3.8,True
222.2.129.147,santiago.com,POST,/hospital/commercial/manage,2024-11-09 03:04:04+00:00,infinitepay.io,396982,in,desktop,15238,26088,/hospital/commercial/manage,http://www.hernandez.com/,https,Mozilla/5.0 (Macintosh; Intel Mac OS X 10_6_9; rv:1.9.6.20) Gecko/8609-01-20 06:57:11.239227 Firefox/3.6.5,True
154.194.118.163,guerrero.biz,POST,/teach/new,2024-11-09 21:11:07+00:00,infinitepay.io,16509,in,desktop,3752,25140,/teach/new,https://abbott.org/,https,"Mozilla/5.0 (Macintosh; U; PPC Mac OS X 10_7_1) AppleWebKit/536.2 (KHTML, like Gecko) Chrome/36.0.829.0 Safari/536.2",True
165.107.232.96,porter.biz,POST,/inside/life,2024-11-09 14:03:24+00:00,infinitepay.io,14618,us,desktop,6582,83726,/inside/life,http://www.hernandez.com/,https,Opera/9.88.(X11; Linux i686; nds-NL) Presto/2.9.189 Version/11.00,True
62.36.64.102,lewis-roberts.biz,POST,/data/toward/man/free,2024-11-09 20:12:21+00:00,infinitepay.io,396982,us,desktop,33704,22053,/data/toward/man/free,http://www.hernandez.com/,https,"Mozilla/5.0 (iPod; U; CPU iPhone OS 4_2 like Mac OS X; ca-FR) AppleWebKit/535.24.6 (KHTML, like Gecko) Version/4.0.5 Mobile/8B115 Safari/6535.24.6",True
141.49.101.217,lewis-roberts.biz,POST,/however/question/land/man,2024-11-09 09:41:00+00:00,infinitepay.io,396982,us,desktop,43330,22080,/<iframe src='javascript:alert(1)'></iframe>,http://www.hernandez.com/,https,Opera/9.42.(Windows NT 4.0; am-ET) Presto/2.9.173 Version/12.00,True
128.40.28.16,guerrero.biz,POST,/teach/new,2024-11-09 15:14:07+00:00,infinitepay.io,16509,in,desktop,53267,23747,/teach/new,http://www.hernandez.com/,https,"Mozilla/5.0 (Macintosh; U; PPC Mac OS X 10_7_1) AppleWebKit/536.2 (KHTML, like Gecko) Chrome/36.0.829.0 Safari/536.2",True
165.107.232.96,porter.biz,POST,/inside/life,2024-11-13 15:40:48+00:00,infinitepay.io,14618,us,desktop,19557,62549,/<img src='x' onerror='alert(1)'>,http://www.hernandez.com/,https,"Mozilla/5.0 (X11; Linux i686) AppleWebKit/536.0 (KHTML, like Gecko) Chrome/48.0.840.0 Safari/536.0",True
128.40.28.16,guerrero.biz,POST,/teach/new,2024-11-13 00:42:31+00:00,infinitepay.io,16509,in,desktop,7664,23889,/teach/new,http://www.hernandez.com/,https,"Mozilla/5.0 (Macintosh; U; PPC Mac OS X 10_7_1) AppleWebKit/536.2 (KHTML, like Gecko) Chrome/36.0.829.0 Safari/536.2",True
154.194.118.163,guerrero.biz,POST,/teach/new,2024-11-13 02:16:03+00:00,infinitepay.io,16509,in,desktop,46342,24835,/teach/new,http://www.hernandez.com/,https,"Mozilla/5.0 (Macintosh; U; PPC Mac OS X 10_7_1) AppleWebKit/536.2 (KHTML, like Gecko) Chrome/36.0.829.0 Safari/536.2",True
100.226.191.168,lewis-roberts.biz,POST,/man/take/next/perform,2024-11-13 23:33:11+00:00,infinitepay.io,396982,us,desktop,53280,22374,/man/take/next/perform,http://www.hernandez.com/,https,Opera/9.42.(Windows NT 4.0; am-ET) Presto/2.9.173 Version/12.00,True
165.107.232.96,porter.biz,POST,/inside/life,2024-11-13 19:41:37+00:00,infinitepay.io,14618,us,desktop,3832,48257,/inside/life,http://www.hernandez.com/,https,"Mozilla/5.0 (X11; Linux i686) AppleWebKit/536.0 (KHTML, like Gecko) Chrome/48.0.840.0 Safari/536.0",True
164.96.142.64,carroll-torres.com,POST,/since,2024-11-13 13:50:30+00:00,infinitepay.io,396982,in,desktop,49161,129041,/since,http://www.hernandez.com/,https,Mozilla/5.0 (compatible; MSIE 5.0; Windows NT 5.2; Trident/5.0),True
193.206.235.29,porter.biz,POST,/man/take/next/perform,2024-11-13 12:02:10+00:00,infinitepay.io,14618,us,desktop,56756,21726,/man/take/next/perform,http://www.hernandez.com/,https,Opera/9.42.(Windows NT 4.0; am-ET) Presto/2.9.173 Version/12.00,True
a286:f0bb:e3f:2391:6702:5a82:77c1:2eda,porter.biz,POST,/head/easy/air,2024-11-13 03:23:52+00:00,infinitepay.io,22085,in,mobile,55662,20641,/head/easy/air,http://www.hernandez.com/,https,Opera/8.56.(X11; Linux x86_64; ak-GH) Presto/2.9.160 Version/12.00,True
195.46.180.193,lewis-roberts.biz,POST,/data/toward/man/free,2024-11-13 17:01:50+00:00,infinitepay.io,396982,us,desktop,56016,22097,/contact,http://www.hernandez.com/,https,Opera/9.42.(Windows NT 4.0; am-ET) Presto/2.9.173 Version/12.00,True
154.194.118.163,guerrero.biz,POST,/teach/new,2024-11-13 21:30:14+00:00,infinitepay.io,16509,in,desktop,40577,24930,/search?q=<script>alert(0)</script>,http://www.hernandez.com/,https,"Mozilla/5.0 (Macintosh; U; PPC Mac OS X 10_7_1) AppleWebKit/536.2 (KHTML, like Gecko) Chrome/36.0.829.0 Safari/536.2",True
125.227.246.131,brown.net,POST,/street,2024-11-06 09:51:34+00:00,infinitepay.io,396982,us,tablet,56118,17805,/street,http://www.hernandez.com/,https,"Mozilla/5.0 (Windows; U; Windows NT 11.0) AppleWebKit/531.1.4 (KHTML, like Gecko) Version/5.0.4 Safari/531.1.4",True
67bc:74e0:1532:5b77:7bb6:19c1:d72c:e899,porter.biz,POST,/street,2024-11-11 03:16:29+00:00,infinitepay.io,271626,in,tablet,48658,29806,/street,http://www.hernandez.com/,https,"Mozilla/5.0 (Linux; Android 4.0.2) AppleWebKit/535.0 (KHTML, like Gecko) Chrome/33.0.890.0 Safari/535.0",True
138.186.185.240,brown.net,POST,/street,2024-11-05 16:25:14+00:00,infinitepay.io,396982,us,tablet,35128,15504,/street,http://www.hernandez.com/,https,Mozilla/5.0 (compatible; MSIE 9.0; Windows 98; Trident/5.0),True
83.209.73.10,brown.net,POST,/street,2024-11-07 19:33:33+00:00,infinitepay.io,396982,us,tablet,59184,15480,/street,http://www.hernandez.com/,https,Opera/8.51.(X11; Linux x86_64; bo-CN) Presto/2.9.171 Version/11.00,True
57.112.34.158,brown.net,POST,/street,2024-11-07 13:35:32+00:00,infinitepay.io,396982,us,tablet,60820,16845,/street,http://www.hernandez.com/,https,"Mozilla/5.0 (iPod; U; CPU iPhone OS 4_0 like Mac OS X; uk-UA) AppleWebKit/532.3.1 (KHTML, like Gecko) Version/4.0.5 Mobile/8B111 Safari/6532.3.1",True
172.73.227.140,brown.net,POST,/street,2024-11-14 05:31:47+00:00,infinitepay.io,396982,us,tablet,56216,15088,/settings,http://www.hernandez.com/,https,"Mozilla/5.0 (Windows NT 5.0) AppleWebKit/535.2 (KHTML, like Gecko) Chrome/61.0.886.0 Safari/535.2",True
215.173.246.58,brown.net,POST,/street,2024-11-12 10:21:59+00:00,infinitepay.io,396982,us,tablet,48038,15015,/street,http://www.hernandez.com/,https,"Mozilla/5.0 (iPhone; CPU iPhone OS 12_5_7 like Mac OS X) AppleWebKit/535.2 (KHTML, like Gecko) FxiOS/9.3p8500.0 Mobile/34U137 Safari/535.2",True
93.224.123.232,brown.net,POST,/street,2024-11-12 13:52:36+00:00,infinitepay.io,396982,us,tablet,34606,16030,/street,http://www.hernandez.com/,https,"Mozilla/5.0 (Macintosh; Intel Mac OS X 10_10_2 rv:5.0; ve-ZA) AppleWebKit/532.39.5 (KHTML, like Gecko) Version/4.0 Safari/532.39.5",True
24.203.45.79,brown.net,POST,/street,2024-11-09 11:01:59+00:00,infinitepay.io,396982,us,tablet,46354,15124,/street,http://www.hernandez.com/,https,"Mozilla/5.0 (Windows NT 4.0) AppleWebKit/535.1 (KHTML, like Gecko) Chrome/53.0.833.0 Safari/535.1",True
143.4.1.39,brown.net,POST,/street,2024-11-13 16:10:54+00:00,infinitepay.io,396982,us,tablet,59882,15817,/street,http://www.hernandez.com/,https,"Mozilla/5.0 (iPad; CPU iPad OS 3_2_2 like Mac OS X) AppleWebKit/534.1 (KHTML, like Gecko) CriOS/37.0.878.0 Mobile/74O700 Safari/534.1",True
212.141.245.15,porter.biz,POST,/carry,2024-11-05 13:40:00+00:00,infinitepay.io,11377,us,desktop,1980,202708,"/"";!--""<XSS>=&{()}",http://www.hernandez.com/,https,Mozilla/5.0 (X11; Linux x86_64; rv:1.9.7.20) Gecko/8697-03-31 03:40:48.995941 Firefox/3.8,True
49.225.22.225,porter.biz,POST,/carry,2024-11-05 13:00:05+00:00,infinitepay.io,11377,us,desktop,6155,51037,/carry,http://www.hernandez.com/,https,Mozilla/5.0 (X11; Linux x86_64; rv:1.9.7.20) Gecko/8697-03-31 03:40:48.995941 Firefox/3.8,True
124.156.90.252,porter.biz,POST,/carry,2024-11-05 13:21:17+00:00,infinitepay.io,11377,us,desktop,1922,276710,/carry,http://www.hernandez.com/,https,Mozilla/5.0 (X11; Linux x86_64; rv:1.9.7.20) Gecko/8697-03-31 03:40:48.995941 Firefox/3.8,True
170.94.109.147,kirby.info,POST,/carry,2024-11-05 14:12:11+00:00,infinitepay.io,396982,us,desktop,43046,28554,/carry,http://www.hernandez.com/,https,Mozilla/5.0 (X11; Linux x86_64; rv:1.9.7.20) Gecko/8697-03-31 03:40:48.995941 Firefox/3.8,True
64.234.253.67,kirby.info,POST,/carry,2024-11-05 13:31:22+00:00,infinitepay.io,396982,us,desktop,58874,262910,/carry,http://www.hernandez.com/,https,Mozilla/5.0 (X11; Linux x86_64; rv:1.9.7.20) Gecko/8697-03-31 03:40:48.995941 Firefox/3.8,True
131.172.116.28,kirby.info,POST,/carry,2024-11-05 11:32:02+00:00,infinitepay.io,396982,us,desktop,36092,81822,/../../../windows/win.ini,http://www.hernandez.com/,https,Mozilla/5.0 (Macintosh; U; Intel Mac OS X 10_12_9; rv:1.9.2.20) Gecko/7991-03-31 00:08:15.321289 Firefox/5.0,True
17.29.166.192,porter.biz,POST,/carry,2024-11-07 20:55:12+00:00,infinitepay.io,11377,us,desktop,15068,72514,/carry,http://www.hernandez.com/,https,Mozilla/5.0 (X11; Linux x86_64; rv:1.9.7.20) Gecko/8697-03-31 03:40:48.995941 Firefox/3.8,True
65.165.27.133,kirby.info,POST,/carry,2024-11-07 20:05:25+00:00,infinitepay.io,396982,us,desktop,44204,371705,/contact,http://www.hernandez.com/,https,Mozilla/5.0 (X11; Linux x86_64; rv:1.9.7.20) Gecko/8697-03-31 03:40:48.995941 Firefox/3.8,True
150.182.50.156,porter.biz,POST,/carry,2024-11-07 20:49:00+00:00,infinitepay.io,11377,us,desktop,18599,45289,/carry,http://www.hernandez.com/,https,Mozilla/5.0 (X11; Linux x86_64; rv:1.9.7.20) Gecko/8697-03-31 03:40:48.995941 Firefox/3.8,True
122.51.49.0,porter.biz,POST,/carry,2024-11-08 21:25:04+00:00,infinitepay.io,11377,us,desktop,24906,41895,/about,http://www.hernandez.com/,https,Mozilla/5.0 (X11; Linux x86_64; rv:1.9.7.20) Gecko/8697-03-31 03:40:48.995941 Firefox/3.8,True
39.29.166.228,porter.biz,POST,/carry,2024-11-08 20:41:25+00:00,infinitepay.io,11377,us,desktop,28467,204189,/carry,http://www.hernandez.com/,https,Mozilla/5.0 (X11; Linux x86_64; rv:1.9.7.20) Gecko/8697-03-31 03:40:48.995941 Firefox/3.8,True
202.227.255.87,kirby.info,POST,/carry,2024-11-08 20:16:30+00:00,infinitepay.io,396982,us,desktop,46072,16920,/reset-password?email=%27%20OR%201=1--,http://www.hernandez.com/,https,Mozilla/5.0 (X11; Linux x86_64; rv:1.9.7.20) Gecko/8697-03-31 03:40:48.995941 Firefox/3.8,True
182.47.225.35,porter.biz,POST,/carry,2024-11-08 20:32:54+00:00,infinitepay.io,11377,us,desktop,1579,54980,/carry,http://www.hernandez.com/,https,Mozilla/5.0 (Macintosh; U; Intel Mac OS X 10_12_8; rv:1.9.2.20) Gecko/7319-05-06 07:20:59.812531 Firefox/3.8,True
180.77.73.174,porter.biz,POST,/carry,2024-11-14 18:23:01+00:00,infinitepay.io,11377,us,desktop,18668,25461,/carry,http://www.hernandez.com/,https,Mozilla/5.0 (X11; Linux x86_64; rv:1.9.7.20) Gecko/8697-03-31 03:40:48.995941 Firefox/3.8,True
172.11.10.197,kirby.info,POST,/carry,2024-11-14 17:47:23+00:00,infinitepay.io,396982,us,desktop,34310,27810,/carry,http://www.hernandez.com/,https,Mozilla/5.0 (X11; Linux x86_64; rv:1.9.7.20) Gecko/8697-03-31 03:40:48.995941 Firefox/3.8,True
64.234.253.67,kirby.info,POST,/carry,2024-11-14 17:20:45+00:00,infinitepay.io,396982,us,desktop,49502,53848,/carry,http://www.hernandez.com/,https,Mozilla/5.0 (X11; Linux x86_64; rv:1.9.7.20) Gecko/8697-03-31 03:40:48.995941 Firefox/3.8,True
115.243.18.106,porter.biz,POST,/carry,2024-11-14 17:42:12+00:00,infinitepay.io,11377,us,desktop,24090,24630,/register,http://www.hernandez.com/,https,Mozilla/5.0 (X11; Linux x86_64; rv:1.9.7.20) Gecko/8697-03-31 03:40:48.995941 Firefox/3.8,True
169.193.198.65,kirby.info,POST,/carry,2024-11-14 17:14:33+00:00,infinitepay.io,396982,us,desktop,55728,19461,/carry,http://www.hernandez.com/,https,Mozilla/5.0 (X11; Linux x86_64; rv:1.9.7.20) Gecko/8697-03-31 03:40:48.995941 Firefox/3.8,True
20.166.147.45,kirby.info,POST,/carry,2024-11-12 11:33:50+00:00,infinitepay.io,396982,us,desktop,39420,74643,"/"";!--""<XSS>=&{()}",http://www.hernandez.com/,https,Mozilla/5.0 (X11; Linux x86_64; rv:1.9.7.20) Gecko/8697-03-31 03:40:48.995941 Firefox/3.8,True
77.177.18.160,kirby.info,POST,/carry,2024-11-13 22:06:52+00:00,infinitepay.io,396982,us,desktop,34836,19422,/carry,http://www.hernandez.com/,https,Mozilla/5.0 (X11; Linux x86_64; rv:1.9.7.20) Gecko/8697-03-31 03:40:48.995941 Firefox/3.8,True
28.97.51.202,porter.biz,POST,/carry,2024-11-13 22:03:28+00:00,infinitepay.io,11377,us,desktop,28203,227075,/carry,http://www.hernandez.com/,https,"Mozilla/5.0 (Macintosh; U; PPC Mac OS X 10_9_4 rv:4.0; da-DK) AppleWebKit/531.46.1 (KHTML, like Gecko) Version/4.1 Safari/531.46.1",True
28.75.189.25,pearson.com,POST,/want/think/event,2024-11-06 08:00:51+00:00,infinitepay.io,396982,us,desktop,35498,761141,/want/think/event,http://www.hernandez.com/,https,"Mozilla/5.0 (Windows; U; Windows 98; Win 9x 4.90) AppleWebKit/532.50.2 (KHTML, like Gecko) Version/4.0.3 Safari/532.50.2",True
cb05:2be1:2522:b867:77:8c09:3caf:c67a,porter.biz,POST,/want/think/event,2024-11-11 10:52:31+00:00,infinitepay.io,26615,in,tablet,37740,758160,/want/think/event,http://www.hernandez.com/,https,Mozilla/5.0 (compatible; MSIE 9.0; Windows 98; Trident/5.0),True
119.127.167.78,porter.biz,POST,/want/think/event,2024-11-11 01:00:49+00:00,infinitepay.io,271597,in,tablet,23969,630519,/<marquee><img src=1 onerror=alert(1)></marquee>,https://curtis.com/,https,Opera/8.61.(Windows NT 4.0; mai-IN) Presto/2.9.163 Version/12.00,True
192.88.206.163,pearson.com,POST,/want/think/event,2024-11-11 15:58:09+00:00,infinitepay.io,396982,us,tablet,34284,540227,/want/think/event,http://www.hernandez.com/,https,"Mozilla/5.0 (iPad; CPU iPad OS 17_3_1 like Mac OS X) AppleWebKit/536.1 (KHTML, like Gecko) CriOS/32.0.813.0 Mobile/88P387 Safari/536.1",True
2ff1:2dfd:55bd:c5c1:f42f:fbf5:277b:a69f,porter.biz,POST,/want/think/event,2024-11-05 11:00:46+00:00,infinitepay.io,270496,in,tablet,41522,446575,/want/think/event,http://www.hernandez.com/,https,Mozilla/5.0 (compatible; MSIE 9.0; Windows 98; Trident/5.0),True
95.130.38.51,pearson.com,POST,/want/think/event,2024-11-05 11:15:57+00:00,infinitepay.io,396982,us,desktop,47360,683788,/want/think/event,http://www.hernandez.com/,https,"Mozilla/5.0 (iPod; U; CPU iPhone OS 3_2 like Mac OS X; fi-FI) AppleWebKit/533.14.3 (KHTML, like Gecko) Version/3.0.5 Mobile/8B118 Safari/6533.14.3",True
f4fe:329e:dd88:a64b:7780:a2df:52b:c02e,porter.biz,POST,/want/think/event,2024-11-05 11:59:32+00:00,infinitepay.io,22085,in,tablet,33510,738473,/want/think/event,http://www.hernandez.com/,https,"Mozilla/5.0 (iPhone; CPU iPhone OS 16_7_7 like Mac OS X) AppleWebKit/532.1 (KHTML, like Gecko) FxiOS/17.5q9882.0 Mobile/77C565 Safari/532.1",True
32.168.224.172,pearson.com,POST,/want/think/event,2024-11-07 16:39:38+00:00,infinitepay.io,396982,us,tablet,42134,686687,/want/think/event,http://www.hernandez.com/,https,Mozilla/5.0 (Windows 98; mni-IN; rv:1.9.2.20) Gecko/7235-07-04 22:11:05.287994 Firefox/3.6.16,True
103.132.1.94,pearson.com,POST,/want/think/event,2024-11-10 14:46:19+00:00,infinitepay.io,396982,us,tablet,34924,621357,/%00%01%02%03%04%05%06%07,http://www.hernandez.com/,https,"Mozilla/5.0 (Macintosh; U; PPC Mac OS X 10_12_4) AppleWebKit/535.2 (KHTML, like Gecko) Chrome/19.0.878.0 Safari/535.2",True
192.88.206.163,pearson.com,POST,/want/think/event,2024-11-10 19:01:55+00:00,infinitepay.io,396982,us,tablet,35740,514779,/want/think/event,http://www.hernandez.com/,https,Mozilla/5.0 (compatible; MSIE 6.0; Windows NT 5.2; Trident/3.0),True
72.63.63.234,porter.biz,POST,/want/think/event,2024-11-08 16:42:03+00:00,infinitepay.io,8167,in,tablet,55520,568237,/contact,http://www.hernandez.com/,https,Mozilla/5.0 (Windows 98; mni-IN; rv:1.9.2.20) Gecko/7235-07-04 22:11:05.287994 Firefox/3.6.16,True
2dc2:f926:d6ca:2a73:7cd8:625f:8c3f:3e70,porter.biz,POST,/want/think/event,2024-11-09 22:31:34+00:00,infinitepay.io,8167,in,tablet,40214,564357,/want/think/event,http://www.hernandez.com/,https,"Mozilla/5.0 (Macintosh; U; PPC Mac OS X 10_12_4) AppleWebKit/535.2 (KHTML, like Gecko) Chrome/19.0.878.0 Safari/535.2",True
106.119.215.248,porter.biz,POST,/want/think/event,2024-11-09 20:43:06+00:00,infinitepay.io,267477,in,desktop,1505,631557,/want/think/event,http://www.hernandez.com/,https,Opera/9.69.(X11; Linux x86_64; si-LK) Presto/2.9.182 Version/11.00,True
206.242.241.175,pearson.com,POST,/want/think/event,2024-11-13 14:29:48+00:00,infinitepay.io,396982,us,tablet,51940,692517,/want/think/event,http://www.hernandez.com/,https,"Mozilla/5.0 (Windows NT 5.0) AppleWebKit/535.2 (KHTML, like Gecko) Chrome/61.0.886.0 Safari/535.2",True
57.59.211.222,pearson.com,POST,/want/think/event,2024-11-13 02:43:35+00:00,infinitepay.io,396982,us,tablet,33158,664887,/want/think/event,http://www.hernandez.com/,https,Mozilla/5.0 (compatible; MSIE 7.0; Windows NT 6.0; Trident/5.1),True
18.20.7.134,porter.biz,POST,/want/think/event,2024-11-13 10:21:21+00:00,infinitepay.io,268670,in,desktop,49769,561942,/../../../etc/passwd,http://www.hernandez.com/,https,Mozilla/5.0 (compatible; MSIE 6.0; Windows NT 11.0; Trident/5.1),True
